Headline,Source
AI Revolutionises Healthcare Diagnostics,BBC News
NASA Announces New Mission to Europa,NASA.gov
Global Markets Rally Amid Economic Recovery,Financial Times
Breakthrough in Quantum Computing Achieved,MIT Technology Review
Climate Change Impact Worse Than Predicted,The Guardian
Tesla Unveils Next-Generation Battery Tech,Reuters
WHO Declares End of Global Pandemic Emergency,World Health Organization
Apple Launches New Augmented Reality Headset,The Verge
Breakthrough in Cancer Treatment Reported,Nature
Renewable Energy Surpasses Fossil Fuels,Bloomberg
Major Advances in Fusion Energy Research,Scientific American
UK Government Announces AI Regulation Plans,BBC News
Meta Faces New Antitrust Investigation,Wall Street Journal
OpenAI Releases Latest Language Model,TechCrunch
Archaeologists Discover Ancient Lost City,National Geographic
Microsoft Expands Cloud Services in Africa,ZDNet
Cyberattack Disrupts Global Shipping Industry,CNN
Breakthrough in Alzheimerâ€™s Research,The Lancet
Japan Tests Flying Taxi Prototypes,Nikkei Asia
Google Announces Quantum Supremacy Milestone,New York Times
